--
-- PostgreSQL database dump
--

-- Dumped from database version 12.9 (Ubuntu 12.9-2.pgdg20.04+1)
-- Dumped by pg_dump version 12.9 (Ubuntu 12.9-2.pgdg20.04+1)

SET statement_timeout = 0;
SET lock_timeout = 0;
SET idle_in_transaction_session_timeout = 0;
SET client_encoding = 'UTF8';
SET standard_conforming_strings = on;
SELECT pg_catalog.set_config('search_path', '', false);
SET check_function_bodies = false;
SET xmloption = content;
SET client_min_messages = warning;
SET row_security = off;

DROP DATABASE universe;
--
-- Name: universe; Type: DATABASE; Schema: -; Owner: freecodecamp
--

CREATE DATABASE universe WITH TEMPLATE = template0 ENCODING = 'UTF8' LC_COLLATE = 'C.UTF-8' LC_CTYPE = 'C.UTF-8';


ALTER DATABASE universe OWNER TO freecodecamp;

\connect universe

SET statement_timeout = 0;
SET lock_timeout = 0;
SET idle_in_transaction_session_timeout = 0;
SET client_encoding = 'UTF8';
SET standard_conforming_strings = on;
SELECT pg_catalog.set_config('search_path', '', false);
SET check_function_bodies = false;
SET xmloption = content;
SET client_min_messages = warning;
SET row_security = off;

SET default_tablespace = '';

SET default_table_access_method = heap;

--
-- Name: extra; Type: TABLE; Schema: public; Owner: freecodecamp
--

CREATE TABLE public.extra (
    name character varying(44) NOT NULL,
    one integer NOT NULL,
    three text NOT NULL,
    two boolean NOT NULL,
    extra_id integer NOT NULL
);


ALTER TABLE public.extra OWNER TO freecodecamp;

--
-- Name: extra_extra_id_seq; Type: SEQUENCE; Schema: public; Owner: freecodecamp
--

CREATE SEQUENCE public.extra_extra_id_seq
    AS integer
    START WITH 1
    INCREMENT BY 1
    NO MINVALUE
    NO MAXVALUE
    CACHE 1;


ALTER TABLE public.extra_extra_id_seq OWNER TO freecodecamp;

--
-- Name: extra_extra_id_seq; Type: SEQUENCE OWNED BY; Schema: public; Owner: freecodecamp
--

ALTER SEQUENCE public.extra_extra_id_seq OWNED BY public.extra.extra_id;


--
-- Name: galaxy; Type: TABLE; Schema: public; Owner: freecodecamp
--

CREATE TABLE public.galaxy (
    galaxy_id integer NOT NULL,
    name character varying(30),
    tier character varying(10) NOT NULL,
    intergalactic_review text,
    age_in_mya integer,
    stars_in_millions integer
);


ALTER TABLE public.galaxy OWNER TO freecodecamp;

--
-- Name: galaxy_galaxy_id_seq; Type: SEQUENCE; Schema: public; Owner: freecodecamp
--

CREATE SEQUENCE public.galaxy_galaxy_id_seq
    AS integer
    START WITH 1
    INCREMENT BY 1
    NO MINVALUE
    NO MAXVALUE
    CACHE 1;


ALTER TABLE public.galaxy_galaxy_id_seq OWNER TO freecodecamp;

--
-- Name: galaxy_galaxy_id_seq; Type: SEQUENCE OWNED BY; Schema: public; Owner: freecodecamp
--

ALTER SEQUENCE public.galaxy_galaxy_id_seq OWNED BY public.galaxy.galaxy_id;


--
-- Name: moon; Type: TABLE; Schema: public; Owner: freecodecamp
--

CREATE TABLE public.moon (
    moon_id integer NOT NULL,
    name character varying(30),
    planet_id integer,
    cheesey boolean NOT NULL,
    wallace boolean,
    gromit text
);


ALTER TABLE public.moon OWNER TO freecodecamp;

--
-- Name: moon_moon_id_seq; Type: SEQUENCE; Schema: public; Owner: freecodecamp
--

CREATE SEQUENCE public.moon_moon_id_seq
    AS integer
    START WITH 1
    INCREMENT BY 1
    NO MINVALUE
    NO MAXVALUE
    CACHE 1;


ALTER TABLE public.moon_moon_id_seq OWNER TO freecodecamp;

--
-- Name: moon_moon_id_seq; Type: SEQUENCE OWNED BY; Schema: public; Owner: freecodecamp
--

ALTER SEQUENCE public.moon_moon_id_seq OWNED BY public.moon.moon_id;


--
-- Name: planet; Type: TABLE; Schema: public; Owner: freecodecamp
--

CREATE TABLE public.planet (
    planet_id integer NOT NULL,
    name character varying(30),
    distance_from_sun_km integer,
    rating numeric(3,1),
    star_id integer,
    habitable boolean NOT NULL
);


ALTER TABLE public.planet OWNER TO freecodecamp;

--
-- Name: planet_planet_id_seq; Type: SEQUENCE; Schema: public; Owner: freecodecamp
--

CREATE SEQUENCE public.planet_planet_id_seq
    AS integer
    START WITH 1
    INCREMENT BY 1
    NO MINVALUE
    NO MAXVALUE
    CACHE 1;


ALTER TABLE public.planet_planet_id_seq OWNER TO freecodecamp;

--
-- Name: planet_planet_id_seq; Type: SEQUENCE OWNED BY; Schema: public; Owner: freecodecamp
--

ALTER SEQUENCE public.planet_planet_id_seq OWNED BY public.planet.planet_id;


--
-- Name: star; Type: TABLE; Schema: public; Owner: freecodecamp
--

CREATE TABLE public.star (
    star_id integer NOT NULL,
    name character varying(30),
    galaxy_id integer NOT NULL,
    brightness_in_whatevers numeric(100,2),
    size_in_jeez_thats_bigs integer,
    the_og boolean
);


ALTER TABLE public.star OWNER TO freecodecamp;

--
-- Name: star_star_id_seq; Type: SEQUENCE; Schema: public; Owner: freecodecamp
--

CREATE SEQUENCE public.star_star_id_seq
    AS integer
    START WITH 1
    INCREMENT BY 1
    NO MINVALUE
    NO MAXVALUE
    CACHE 1;


ALTER TABLE public.star_star_id_seq OWNER TO freecodecamp;

--
-- Name: star_star_id_seq; Type: SEQUENCE OWNED BY; Schema: public; Owner: freecodecamp
--

ALTER SEQUENCE public.star_star_id_seq OWNED BY public.star.star_id;


--
-- Name: extra extra_id; Type: DEFAULT; Schema: public; Owner: freecodecamp
--

ALTER TABLE ONLY public.extra ALTER COLUMN extra_id SET DEFAULT nextval('public.extra_extra_id_seq'::regclass);


--
-- Name: galaxy galaxy_id; Type: DEFAULT; Schema: public; Owner: freecodecamp
--

ALTER TABLE ONLY public.galaxy ALTER COLUMN galaxy_id SET DEFAULT nextval('public.galaxy_galaxy_id_seq'::regclass);


--
-- Name: moon moon_id; Type: DEFAULT; Schema: public; Owner: freecodecamp
--

ALTER TABLE ONLY public.moon ALTER COLUMN moon_id SET DEFAULT nextval('public.moon_moon_id_seq'::regclass);


--
-- Name: planet planet_id; Type: DEFAULT; Schema: public; Owner: freecodecamp
--

ALTER TABLE ONLY public.planet ALTER COLUMN planet_id SET DEFAULT nextval('public.planet_planet_id_seq'::regclass);


--
-- Name: star star_id; Type: DEFAULT; Schema: public; Owner: freecodecamp
--

ALTER TABLE ONLY public.star ALTER COLUMN star_id SET DEFAULT nextval('public.star_star_id_seq'::regclass);


--
-- Data for Name: extra; Type: TABLE DATA; Schema: public; Owner: freecodecamp
--

INSERT INTO public.extra VALUES ('bart', 1, 'MWUAHAHAHAHAHH', false, 1);
INSERT INTO public.extra VALUES ('chad', 2, 'dad', true, 2);
INSERT INTO public.extra VALUES ('darts', 3, 'no', false, 3);


--
-- Data for Name: galaxy; Type: TABLE DATA; Schema: public; Owner: freecodecamp
--

INSERT INTO public.galaxy VALUES (2, 'Milkway', 'A-Tier', 'Totally radical life facilitating galaxy', 13610, 100000);
INSERT INTO public.galaxy VALUES (3, 'Andromeda', 'L-Tier', 'L galaxy, L mythology, L name', 10000, 1000000);
INSERT INTO public.galaxy VALUES (1, 'Messier-81', 'B-Tier', 'Mid, can be seen easily from Earth', 13310, 250000);
INSERT INTO public.galaxy VALUES (4, 'Tadpole', 'A+-Tier', 'New galaxy just dropped', 100, 1);
INSERT INTO public.galaxy VALUES (5, 'Triangulum', 'Snooze', 'Triangulum galaxy in Triangulum district, ???? snooze', 11500, 40000);
INSERT INTO public.galaxy VALUES (6, 'Black Eye Galaxy', 'S-Tier', 'To beat me, hes gonna have to kill me', 13280, 100000);


--
-- Data for Name: moon; Type: TABLE DATA; Schema: public; Owner: freecodecamp
--

INSERT INTO public.moon VALUES (1, 'The Moon', 3, true, true, 'Cheese Gromit?');
INSERT INTO public.moon VALUES (2, 'Roman Bloke 1', 6, false, false, 'Hide the body, Gromit');
INSERT INTO public.moon VALUES (3, 'Roman Bloke 2', 6, false, false, 'No crackers, Gromit?');
INSERT INTO public.moon VALUES (4, 'Roman Bloke 3', 6, true, true, 'Everybody knows the moon is made of cheese, Gromit');
INSERT INTO public.moon VALUES (5, 'Facecious', 8, false, false, 'Twenty bloody rows, Gromit?');
INSERT INTO public.moon VALUES (7, 'Heracles', 11, false, false, 'The roman strong man');
INSERT INTO public.moon VALUES (8, '20 mate, 20?', 13, false, false, 'I will do what I must');
INSERT INTO public.moon VALUES (9, 'Moon two', 3, true, true, 'Its like no cheese Ive ever tasted, Gromit');
INSERT INTO public.moon VALUES (10, 'a', 14, true, true, 'No cheese, Gromit?');
INSERT INTO public.moon VALUES (11, 'b', 14, true, true, 'No cheese, Gromit?');
INSERT INTO public.moon VALUES (12, 'c', 14, true, true, 'No cheese, Gromit?');
INSERT INTO public.moon VALUES (13, 'd', 14, true, true, 'No cheese, Gromit?');
INSERT INTO public.moon VALUES (14, 'e', 14, true, true, 'No cheese, Gromit?');
INSERT INTO public.moon VALUES (15, 'f', 14, true, true, 'No cheese, Gromit?');
INSERT INTO public.moon VALUES (16, 'g', 14, true, true, 'No cheese, Gromit?');
INSERT INTO public.moon VALUES (17, 'h', 14, true, true, 'No cheese, Gromit?');
INSERT INTO public.moon VALUES (18, 'i', 14, true, true, 'No cheese, Gromit?');
INSERT INTO public.moon VALUES (19, 'j', 14, true, true, 'No cheese, Gromit?');
INSERT INTO public.moon VALUES (20, 'k', 14, true, true, 'No cheese, Gromit?');
INSERT INTO public.moon VALUES (21, 'l', 14, true, true, 'No cheese, Gromit?');


--
-- Data for Name: planet; Type: TABLE DATA; Schema: public; Owner: freecodecamp
--

INSERT INTO public.planet VALUES (1, 'Mercury', 1000, 54.6, 1, false);
INSERT INTO public.planet VALUES (2, 'Venus', 7000, 12.0, 1, false);
INSERT INTO public.planet VALUES (3, 'Earth', 15000, 99.9, 1, true);
INSERT INTO public.planet VALUES (4, 'Mars', 22000, 4.0, 1, false);
INSERT INTO public.planet VALUES (5, 'Jupiter', 30000, 71.0, 1, false);
INSERT INTO public.planet VALUES (6, 'Saturn', 35000, 45.0, 1, false);
INSERT INTO public.planet VALUES (7, 'Uranus', 47000, 89.0, 1, true);
INSERT INTO public.planet VALUES (8, 'Pluto', 60000, 99.8, 1, false);
INSERT INTO public.planet VALUES (9, 'Charizard', 203234, 70.0, 2, false);
INSERT INTO public.planet VALUES (11, 'Cquitle', 204, 70.0, 2, false);
INSERT INTO public.planet VALUES (12, 'Cyuniwahe', 204823644, 70.0, 2, false);
INSERT INTO public.planet VALUES (13, 'Hicarus', 1, 93.0, 2, false);
INSERT INTO public.planet VALUES (14, 'Hades', -1, 0.0, 2, false);


--
-- Data for Name: star; Type: TABLE DATA; Schema: public; Owner: freecodecamp
--

INSERT INTO public.star VALUES (1, 'The Sun', 2, 100.00, 99912340, true);
INSERT INTO public.star VALUES (2, 'Herschel', 3, 102.00, 84320234, false);
INSERT INTO public.star VALUES (3, 'Bernie', 4, 41.00, 1234, false);
INSERT INTO public.star VALUES (4, 'Wally', 1, 87.00, 2, false);
INSERT INTO public.star VALUES (5, 'Waldo', 5, 63.00, 999999, false);
INSERT INTO public.star VALUES (6, 'Steve', 6, 39.00, 5553672, false);


--
-- Name: extra_extra_id_seq; Type: SEQUENCE SET; Schema: public; Owner: freecodecamp
--

SELECT pg_catalog.setval('public.extra_extra_id_seq', 3, true);


--
-- Name: galaxy_galaxy_id_seq; Type: SEQUENCE SET; Schema: public; Owner: freecodecamp
--

SELECT pg_catalog.setval('public.galaxy_galaxy_id_seq', 6, true);


--
-- Name: moon_moon_id_seq; Type: SEQUENCE SET; Schema: public; Owner: freecodecamp
--

SELECT pg_catalog.setval('public.moon_moon_id_seq', 21, true);


--
-- Name: planet_planet_id_seq; Type: SEQUENCE SET; Schema: public; Owner: freecodecamp
--

SELECT pg_catalog.setval('public.planet_planet_id_seq', 14, true);


--
-- Name: star_star_id_seq; Type: SEQUENCE SET; Schema: public; Owner: freecodecamp
--

SELECT pg_catalog.setval('public.star_star_id_seq', 6, true);


--
-- Name: extra extra_extra_id_key; Type: CONSTRAINT; Schema: public; Owner: freecodecamp
--

ALTER TABLE ONLY public.extra
    ADD CONSTRAINT extra_extra_id_key UNIQUE (extra_id);


--
-- Name: extra extra_name_key; Type: CONSTRAINT; Schema: public; Owner: freecodecamp
--

ALTER TABLE ONLY public.extra
    ADD CONSTRAINT extra_name_key UNIQUE (name);


--
-- Name: extra extra_one_key; Type: CONSTRAINT; Schema: public; Owner: freecodecamp
--

ALTER TABLE ONLY public.extra
    ADD CONSTRAINT extra_one_key UNIQUE (one);


--
-- Name: extra extra_pkey; Type: CONSTRAINT; Schema: public; Owner: freecodecamp
--

ALTER TABLE ONLY public.extra
    ADD CONSTRAINT extra_pkey PRIMARY KEY (extra_id);


--
-- Name: extra extra_three_key; Type: CONSTRAINT; Schema: public; Owner: freecodecamp
--

ALTER TABLE ONLY public.extra
    ADD CONSTRAINT extra_three_key UNIQUE (three);


--
-- Name: galaxy galaxy_galaxy_id_key; Type: CONSTRAINT; Schema: public; Owner: freecodecamp
--

ALTER TABLE ONLY public.galaxy
    ADD CONSTRAINT galaxy_galaxy_id_key UNIQUE (galaxy_id);


--
-- Name: galaxy galaxy_pkey; Type: CONSTRAINT; Schema: public; Owner: freecodecamp
--

ALTER TABLE ONLY public.galaxy
    ADD CONSTRAINT galaxy_pkey PRIMARY KEY (galaxy_id);


--
-- Name: moon moon_moon_id_key; Type: CONSTRAINT; Schema: public; Owner: freecodecamp
--

ALTER TABLE ONLY public.moon
    ADD CONSTRAINT moon_moon_id_key UNIQUE (moon_id);


--
-- Name: moon moon_name_key; Type: CONSTRAINT; Schema: public; Owner: freecodecamp
--

ALTER TABLE ONLY public.moon
    ADD CONSTRAINT moon_name_key UNIQUE (name);


--
-- Name: moon moon_pkey; Type: CONSTRAINT; Schema: public; Owner: freecodecamp
--

ALTER TABLE ONLY public.moon
    ADD CONSTRAINT moon_pkey PRIMARY KEY (moon_id);


--
-- Name: planet planet_distance_from_sun_km_key; Type: CONSTRAINT; Schema: public; Owner: freecodecamp
--

ALTER TABLE ONLY public.planet
    ADD CONSTRAINT planet_distance_from_sun_km_key UNIQUE (distance_from_sun_km);


--
-- Name: planet planet_pkey; Type: CONSTRAINT; Schema: public; Owner: freecodecamp
--

ALTER TABLE ONLY public.planet
    ADD CONSTRAINT planet_pkey PRIMARY KEY (planet_id);


--
-- Name: planet planet_planet_id_key; Type: CONSTRAINT; Schema: public; Owner: freecodecamp
--

ALTER TABLE ONLY public.planet
    ADD CONSTRAINT planet_planet_id_key UNIQUE (planet_id);


--
-- Name: star star_galaxy_id_key; Type: CONSTRAINT; Schema: public; Owner: freecodecamp
--

ALTER TABLE ONLY public.star
    ADD CONSTRAINT star_galaxy_id_key UNIQUE (galaxy_id);


--
-- Name: star star_pkey; Type: CONSTRAINT; Schema: public; Owner: freecodecamp
--

ALTER TABLE ONLY public.star
    ADD CONSTRAINT star_pkey PRIMARY KEY (star_id);


--
-- Name: star star_star_id_key; Type: CONSTRAINT; Schema: public; Owner: freecodecamp
--

ALTER TABLE ONLY public.star
    ADD CONSTRAINT star_star_id_key UNIQUE (star_id);


--
-- Name: moon moon_planet_id_fkey; Type: FK CONSTRAINT; Schema: public; Owner: freecodecamp
--

ALTER TABLE ONLY public.moon
    ADD CONSTRAINT moon_planet_id_fkey FOREIGN KEY (planet_id) REFERENCES public.planet(planet_id);


--
-- Name: planet planet_star_id_fkey; Type: FK CONSTRAINT; Schema: public; Owner: freecodecamp
--

ALTER TABLE ONLY public.planet
    ADD CONSTRAINT planet_star_id_fkey FOREIGN KEY (star_id) REFERENCES public.star(star_id);


--
-- Name: star star_galaxy_id_fkey; Type: FK CONSTRAINT; Schema: public; Owner: freecodecamp
--

ALTER TABLE ONLY public.star
    ADD CONSTRAINT star_galaxy_id_fkey FOREIGN KEY (galaxy_id) REFERENCES public.galaxy(galaxy_id);


--
-- PostgreSQL database dump complete
--

